{
  "RECORDS": [
    {
      "ID": "1213",
      "NAME": "张三",
      "TELEPHONE": "12345678",
      "CREDIT": "95",
      "ASSESS": "甲等",
      "PURVIEW": "中等"
    },
    {
      "ID": "1314",
      "NAME": "李四",
      "TELEPHONE": "12345679",
      "CREDIT": "98",
      "ASSESS": "甲等",
      "PURVIEW": "中等"
    },
    {
      "ID": "1412",
      "NAME": "赵六",
      "TELEPHONE": "23456789",
      "CREDIT": "90",
      "ASSESS": "乙等",
      "PURVIEW": "中等"
    },
    {
      "ID": "1516",
      "NAME": "王八",
      "TELEPHONE": "12345698",
      "CREDIT": "85",
      "ASSESS": "乙等",
      "PURVIEW": "中等"
    }
  ]
}