{
  "RECORDS": [
    {
      "ID": "1245",
      "NAME": "小米",
      "TELEPHONE": "12223",
      "CREDIT": "99",
      "ASSESS": "甲等",
      "PURVIEW": "中等"
    },
    {
      "ID": "2345",
      "NAME": "小明",
      "TELEPHONE": "66786",
      "CREDIT": "89",
      "ASSESS": "乙等",
      "PURVIEW": "中等"
    },
    {
      "ID": "7653",
      "NAME": "小王",
      "TELEPHONE": "12345",
      "CREDIT": "91",
      "ASSESS": "甲等",
      "PURVIEW": "中等"
    },
    {
      "ID": "7896",
      "NAME": "小黑",
      "TELEPHONE": "47213",
      "CREDIT": "93",
      "ASSESS": "甲等",
      "PURVIEW": "中等"
    }
  ]
}