{
  "RECORDS": [
    {
      "ID": "1020",
      "NAME": "李圣杰",
      "TELEPHONE": "18029376462",
      "ADDRESS": "成都双流县",
      "PURVIEW": "初等"
    },
    {
      "ID": "1021",
      "NAME": "王顺遂",
      "TELEPHONE": "13568289002",
      "ADDRESS": "成都新津县",
      "PURVIEW": "初等"
    },
    {
      "ID": "1022",
      "NAME": "严律",
      "TELEPHONE": "34577695146",
      "ADDRESS": "成都青羊区",
      "PURVIEW": "初等"
    },
    {
      "ID": "1023",
      "NAME": "童颜",
      "TELEPHONE": "16829204862",
      "ADDRESS": "成都锦江区",
      "PURVIEW": "初等"
    }
  ]
}