{
  "RECORDS": [
    {
      "ID": "1217",
      "NAME": "新东方",
      "ADDRESS": "迎宾街道",
      "SERVICE-CULTURE": "智育",
      "LEVEL": "大学",
      "EVALUATE": "98%"
    },
    {
      "ID": "1218",
      "NAME": "运动院",
      "ADDRESS": "新南街道",
      "SERVICE-CULTURE": "体育",
      "LEVEL": "中小学",
      "EVALUATE": "95%"
    },
    {
      "ID": "1219",
      "NAME": "红领巾",
      "ADDRESS": "弘扬街道",
      "SERVICE-CULTURE": "德育",
      "LEVEL": "小学",
      "EVALUATE": "99%"
    }
  ]
}