{
  "RECORDS": [
    {
      "ID": "2114",
      "NAME": "茵茵",
      "SEX": "女",
      "AGE": "10",
      "ADDRESS": "爱国社区",
      "JOIN": "红领巾"
    },
    {
      "ID": "2115",
      "NAME": "小明",
      "SEX": "男",
      "AGE": "16",
      "ADDRESS": "敬业社区",
      "JOIN": "运动院"
    },
    {
      "ID": "12113",
      "NAME": "夏夏",
      "SEX": "女",
      "AGE": "18",
      "ADDRESS": "爱国社区",
      "JOIN": "新东方"
    }
  ]
}